﻿<?xml version="1.0" encoding="utf-8"?>
<Root Type="DevExpress.CodeRush.Foundation.Refactoring.CodeIssueCatalogOptions">
  <Options Language="C#">
    <CodeIssues>
      <Item Id="{d31c315c-1d10-4a9c-860a-bde0e8436d38}">
        <Id>CRR0001</Id>
        <Enabled>True</Enabled>
        <UseInBackground>True</UseInBackground>
        <Severity>Info</Severity>
      </Item>
      <Item Id="{3a9b0fc0-2471-46cb-91b4-eb3f1193d07a}">
        <Id>CRR0034</Id>
        <Enabled>True</Enabled>
        <UseInBackground>True</UseInBackground>
        <Severity>Info</Severity>
      </Item>
      <Item Id="{5208ab12-bc49-44b1-b4ce-57e9d4e629c2}">
        <Id>CRR0038</Id>
        <Enabled>True</Enabled>
        <UseInBackground>True</UseInBackground>
        <Severity>Info</Severity>
      </Item>
      <Item Id="{eef0ed62-2b3b-444a-ae45-c3c836277a43}">
        <Id>CRR0029</Id>
        <Enabled>True</Enabled>
        <UseInBackground>True</UseInBackground>
        <Severity>Warning</Severity>
      </Item>
      <Item Id="{a440d6c6-e6d7-409d-b5ca-cb9b4721a4d9}">
        <Id>CRR0028</Id>
        <Enabled>False</Enabled>
        <UseInBackground>False</UseInBackground>
        <Severity>Info</Severity>
      </Item>
      <Item Id="{7b8b84a9-da54-4e02-8b5f-320e1891c840}">
        <Id>CRR0049</Id>
        <Enabled>True</Enabled>
        <UseInBackground>True</UseInBackground>
        <Severity>Info</Severity>
      </Item>
      <Item Id="{88f63f4f-7455-48be-8985-4beb0a545368}">
        <Id>CRR0010</Id>
        <Enabled>True</Enabled>
        <UseInBackground>True</UseInBackground>
        <Severity>Info</Severity>
      </Item>
      <Item Id="{bae47a56-e659-4d72-944f-69aa3c82e59f}">
        <Id>CRR0019</Id>
        <Enabled>True</Enabled>
        <UseInBackground>True</UseInBackground>
        <Severity>Info</Severity>
      </Item>
      <Item Id="{0b654f22-fbbf-4fa1-9b31-4e8e2dbc0e5c}">
        <Id>CRR0005</Id>
        <Enabled>True</Enabled>
        <UseInBackground>True</UseInBackground>
        <Severity>Info</Severity>
      </Item>
      <Item Id="{37364332-c90a-4538-9c80-34226a6cdb3a}">
        <Id>CRR0008</Id>
        <Enabled>True</Enabled>
        <UseInBackground>True</UseInBackground>
        <Severity>Info</Severity>
      </Item>
      <Item Id="{c7abfd6a-63fa-4a27-9cb3-9d2a1c7d5bc2}">
        <Id>CRR0024</Id>
        <Enabled>True</Enabled>
        <UseInBackground>True</UseInBackground>
        <Severity>Info</Severity>
      </Item>
      <Item Id="{903e5dc4-83c0-4348-90ce-f91a5959f739}">
        <Id>CRR0020</Id>
        <Enabled>True</Enabled>
        <UseInBackground>True</UseInBackground>
        <Severity>Info</Severity>
      </Item>
      <Item Id="{baf24c4e-145a-4cc9-8f74-e39575c62111}">
        <Id>CRR0045</Id>
        <Enabled>True</Enabled>
        <UseInBackground>True</UseInBackground>
        <Severity>Info</Severity>
      </Item>
      <Item Id="{3f4f04ab-a173-4e90-8004-c6ce88d671fe}">
        <Id>CRR0012</Id>
        <Enabled>True</Enabled>
        <UseInBackground>True</UseInBackground>
        <Severity>Info</Severity>
      </Item>
      <Item Id="{f3e3d61c-7eb2-43cb-b6c9-40636c3c190e}">
        <Id>CRR0015</Id>
        <Enabled>True</Enabled>
        <UseInBackground>True</UseInBackground>
        <Severity>Info</Severity>
      </Item>
      <Item Id="{43bfe22d-0665-44f6-afce-1a208e70bd5d}">
        <Id>CRR0013</Id>
        <Enabled>False</Enabled>
        <UseInBackground>True</UseInBackground>
        <Severity>Info</Severity>
      </Item>
      <Item Id="{058778d3-7df9-4220-8bf8-04d24ca5524a}">
        <Id>CRR0016</Id>
        <Enabled>True</Enabled>
        <UseInBackground>True</UseInBackground>
        <Severity>Info</Severity>
      </Item>
      <Item Id="{2c642ba6-1b6f-4a7f-a3a0-4061e7643d8d}">
        <Id>CRR0011</Id>
        <Enabled>True</Enabled>
        <UseInBackground>True</UseInBackground>
        <Severity>Info</Severity>
      </Item>
      <Item Id="{3890d018-e339-4349-8ead-5dfb1c8ae548}">
        <Id>CRR0035</Id>
        <Enabled>True</Enabled>
        <UseInBackground>True</UseInBackground>
        <Severity>Info</Severity>
      </Item>
      <Item Id="{e0dda254-c587-4538-a8c1-aef2988591ad}">
        <Id>CRR0017</Id>
        <Enabled>True</Enabled>
        <UseInBackground>True</UseInBackground>
        <Severity>Info</Severity>
      </Item>
      <Item Id="{6cf6120c-b0a3-476c-8c50-0a47692901c5}">
        <Id>CRR0027</Id>
        <Enabled>False</Enabled>
        <UseInBackground>False</UseInBackground>
        <Severity>Info</Severity>
      </Item>
      <Item Id="{06acb415-35ff-48dc-8665-84bf9f146eea}">
        <Id>CRR0030</Id>
        <Enabled>True</Enabled>
        <UseInBackground>True</UseInBackground>
        <Severity>Info</Severity>
      </Item>
      <Item Id="{5a23f66f-cf7d-4f59-bb1e-836c9c7a820c}">
        <Id>CRR0046</Id>
        <Enabled>True</Enabled>
        <UseInBackground>True</UseInBackground>
        <Severity>Info</Severity>
      </Item>
      <Item Id="{58f83e97-3532-4962-a66a-aecd3ffdd75f}">
        <Id>CRR0007</Id>
        <Enabled>True</Enabled>
        <UseInBackground>True</UseInBackground>
        <Severity>Info</Severity>
      </Item>
      <Item Id="{5fb7892f-6632-4b9c-ac0f-9da5289b57e7}">
        <Id>CRR0052</Id>
        <Enabled>True</Enabled>
        <UseInBackground>True</UseInBackground>
        <Severity>Info</Severity>
      </Item>
      <Item Id="{b1f5d3f2-ec44-46f5-98bd-27b06040fc9e}">
        <Id>CRR0050</Id>
        <Enabled>True</Enabled>
        <UseInBackground>True</UseInBackground>
        <Severity>Info</Severity>
      </Item>
      <Item Id="{1ec64706-8a39-4fcd-af9c-fe7223afdf17}">
        <Id>CRR0051</Id>
        <Enabled>True</Enabled>
        <UseInBackground>True</UseInBackground>
        <Severity>Info</Severity>
      </Item>
      <Item Id="{851fb3df-8281-49ca-9151-8d35c91c9971}">
        <Id>CRR0021</Id>
        <Enabled>True</Enabled>
        <UseInBackground>True</UseInBackground>
        <Severity>Info</Severity>
      </Item>
      <Item Id="{e4f7385a-c6fa-45fd-aba6-3eade5aa5e18}">
        <Id>CRR0009</Id>
        <Enabled>True</Enabled>
        <UseInBackground>True</UseInBackground>
        <Severity>Info</Severity>
      </Item>
      <Item Id="{091e692b-9ff7-4b32-910e-3edf8d957453}">
        <Id>CRR0018</Id>
        <Enabled>True</Enabled>
        <UseInBackground>True</UseInBackground>
        <Severity>Info</Severity>
      </Item>
      <Item Id="{4426aa65-3256-4a1d-9e4d-fe84237f4b4f}">
        <Id>CRR0002</Id>
        <Enabled>True</Enabled>
        <UseInBackground>True</UseInBackground>
        <Severity>Info</Severity>
      </Item>
      <Item Id="{00551d9e-9832-4d59-ba79-0b52af33b520}">
        <Id>CRR0006</Id>
        <Enabled>True</Enabled>
        <UseInBackground>True</UseInBackground>
        <Severity>Info</Severity>
      </Item>
      <Item Id="{5a6c4d1c-8d56-4fb3-9e77-2a5c20c548dd}">
        <Id>CRR0003</Id>
        <Enabled>True</Enabled>
        <UseInBackground>True</UseInBackground>
        <Severity>Info</Severity>
      </Item>
      <Item Id="{25e2990f-0751-44a0-8ab6-250b7418af12}">
        <Id>CRR0037</Id>
        <Enabled>True</Enabled>
        <UseInBackground>True</UseInBackground>
        <Severity>Warning</Severity>
      </Item>
      <Item Id="{0578d0f8-ff8a-448b-8914-9aabb1fb8ed5}">
        <Id>CRR0004</Id>
        <Enabled>True</Enabled>
        <UseInBackground>True</UseInBackground>
        <Severity>Info</Severity>
      </Item>
      <Item Id="{bb3c54c3-dcc9-43dc-95ae-05267b9dae85}">
        <Id>CRR0039</Id>
        <Enabled>True</Enabled>
        <UseInBackground>True</UseInBackground>
        <Severity>Info</Severity>
      </Item>
      <Item Id="{ef0b0ee4-54ac-4d6c-9fef-a1da1eab4a0b}">
        <Id>CRR0036</Id>
        <Enabled>True</Enabled>
        <UseInBackground>True</UseInBackground>
        <Severity>Info</Severity>
      </Item>
      <Item Id="{641c2ff6-b896-4a86-a250-5fee24012f02}">
        <Id>CRR0040</Id>
        <Enabled>True</Enabled>
        <UseInBackground>True</UseInBackground>
        <Severity>Info</Severity>
      </Item>
      <Item Id="{03246a85-1d9b-45d7-bb90-198f27aae9da}">
        <Id>CRR1000</Id>
        <Enabled>True</Enabled>
        <UseInBackground>True</UseInBackground>
        <Severity>Info</Severity>
      </Item>
      <Item Id="{305b6e3e-4b0a-49df-9faf-1b0e51e481da}">
        <Id>CRR0031</Id>
        <Enabled>True</Enabled>
        <UseInBackground>True</UseInBackground>
        <Severity>Error</Severity>
      </Item>
      <Item Id="{cbd003dc-91e1-4865-8508-4639cfa98d56}">
        <Id>CRR0047</Id>
        <Enabled>True</Enabled>
        <UseInBackground>True</UseInBackground>
        <Severity>Info</Severity>
      </Item>
      <Item Id="{7d1e491a-b57d-480f-bd70-2ec7b0bdd77e}">
        <Id>CRR0048</Id>
        <Enabled>True</Enabled>
        <UseInBackground>True</UseInBackground>
        <Severity>Info</Severity>
      </Item>
      <Item Id="{ba95c215-094b-4052-b24f-07ddb65ee0e6}">
        <Id>CRR0033</Id>
        <Enabled>True</Enabled>
        <UseInBackground>True</UseInBackground>
        <Severity>Warning</Severity>
      </Item>
      <Item Id="{0bbfad55-85b6-447d-a5ab-e15211d01429}">
        <Id>CRR0023</Id>
        <Enabled>True</Enabled>
        <UseInBackground>True</UseInBackground>
        <Severity>Info</Severity>
      </Item>
      <Item Id="{e33028bd-1f37-46f0-8891-a58151d7a973}">
        <Id>CRR0022</Id>
        <Enabled>True</Enabled>
        <UseInBackground>True</UseInBackground>
        <Severity>Info</Severity>
      </Item>
      <Item Id="{7e8a4850-79b4-4c88-89fb-28ee0b9698d8}">
        <Id>CRR0025</Id>
        <Enabled>True</Enabled>
        <UseInBackground>True</UseInBackground>
        <Severity>Info</Severity>
      </Item>
      <Item Id="{eac6350f-1359-4478-ab99-49bed6578aa4}">
        <Id>CRR0044</Id>
        <Enabled>True</Enabled>
        <UseInBackground>True</UseInBackground>
        <Severity>Info</Severity>
      </Item>
      <Item Id="{676f70a3-4067-4d33-a005-7b6bd19d5c1b}">
        <Id>CRR0026</Id>
        <Enabled>True</Enabled>
        <UseInBackground>True</UseInBackground>
        <Severity>Info</Severity>
      </Item>
      <Item Id="{061985b8-9f04-454c-9913-befd32f32926}">
        <Id>CRR0042</Id>
        <Enabled>True</Enabled>
        <UseInBackground>True</UseInBackground>
        <Severity>Info</Severity>
      </Item>
      <Item Id="{11b2c1f8-0729-4c53-8241-13fea7b7bfdb}">
        <Id>CRR0043</Id>
        <Enabled>True</Enabled>
        <UseInBackground>True</UseInBackground>
        <Severity>Info</Severity>
      </Item>
      <Item Id="{f706a526-d0b9-472d-b231-a724727ca9bd}">
        <Id>CRR0041</Id>
        <Enabled>True</Enabled>
        <UseInBackground>True</UseInBackground>
        <Severity>Warning</Severity>
      </Item>
      <Item Id="{cfe32776-79ff-4e66-93a6-9a8692f53543}">
        <Id>CRR0014</Id>
        <Enabled>False</Enabled>
        <UseInBackground>True</UseInBackground>
        <Severity>Info</Severity>
      </Item>
    </CodeIssues>
  </Options>
</Root>