﻿<?xml version="1.0" encoding="utf-8"?>
<Root Type="DevExpress.CodeRush.Foundation.FeatureAdvisor.Options.FeatureAdvisorOptions">
  <Options Language="Neutral">
    <Providers>
      <Item Id="{39331207-a0cc-4fac-96ba-b9a05de2bbbc}">
        <AdvisorName>Improve performance with Ngen</AdvisorName>
        <Enabled>True</Enabled>
      </Item>
      <Item Id="{207d26bf-5740-4038-a052-8b0d8bb185eb}">
        <AdvisorName>Clipboard History</AdvisorName>
        <Enabled>True</Enabled>
      </Item>
      <Item Id="{ed196cd5-5283-43cb-b250-99e3694f0e54}">
        <AdvisorName>Code Cleanup</AdvisorName>
        <Enabled>True</Enabled>
      </Item>
      <Item Id="{2e406d3c-1da1-414e-8a2b-ae637c2d7f4c}">
        <AdvisorName>Comment Selection</AdvisorName>
        <Enabled>True</Enabled>
      </Item>
      <Item Id="{111bc6a2-e2e0-42b5-ae2c-a620fbc203ba}">
        <AdvisorName>Smart Duplicate Line</AdvisorName>
        <Enabled>True</Enabled>
      </Item>
      <Item Id="{c9381f46-ba68-4b09-9046-9eb576e62e0d}">
        <AdvisorName>Template: Case statement declaration</AdvisorName>
        <Enabled>True</Enabled>
      </Item>
      <Item Id="{e4cc71a3-f59c-48c8-a698-c714f6bc41d4}">
        <AdvisorName>Template: Type declaration</AdvisorName>
        <Enabled>True</Enabled>
      </Item>
      <Item Id="{4f3bafce-8d4d-4944-8f9a-8ac08e54bffd}">
        <AdvisorName>Template: Field declaration</AdvisorName>
        <Enabled>True</Enabled>
      </Item>
      <Item Id="{94a8bd65-28af-4ad6-b744-f1f1b1367c9b}">
        <AdvisorName>Template: For statement declaration</AdvisorName>
        <Enabled>True</Enabled>
      </Item>
      <Item Id="{b3875d5e-2a6d-483a-b1d0-f96ec2e76d51}">
        <AdvisorName>Template: Method declaration</AdvisorName>
        <Enabled>True</Enabled>
      </Item>
      <Item Id="{8ce552c1-cea7-4776-a5f3-fe74d16f890e}">
        <AdvisorName>Template: Property declaration</AdvisorName>
        <Enabled>True</Enabled>
      </Item>
      <Item Id="{31380977-e9bc-4f54-ade7-e5937e5dc79d}">
        <AdvisorName>Template: Switch\Select statement declaration</AdvisorName>
        <Enabled>True</Enabled>
      </Item>
      <Item Id="{953a68dc-d3c4-419d-a1b2-8216da43de1e}">
        <AdvisorName>Template: Using statement declaration</AdvisorName>
        <Enabled>True</Enabled>
      </Item>
    </Providers>
  </Options>
</Root>