﻿<?xml version="1.0" encoding="utf-8"?>
<Root Type="DevExpress.CodeRush.VisualStudio.IconBranding.MenuItemsPriorityDescriptor">
  <Options Language="Neutral">
    <FeatureDescriptors>
      <Item Id="{a8dc161b-63bd-4775-abb5-1f237ed60330}">
        <Counter>1</Counter>
        <FeatureName>Aggragate -&gt; Aggregate</FeatureName>
      </Item>
      <Item Id="{e5b5f01a-ffba-401d-865a-28d1e6f9e77d}">
        <Counter>1</Counter>
        <FeatureName>Expand Method</FeatureName>
      </Item>
      <Item Id="{0a911544-da25-4dc5-b919-10e1a5c1e43e}">
        <Counter>1</Counter>
        <FeatureName>descritpion -&gt; description</FeatureName>
      </Item>
      <Item Id="{f1c0530c-44b4-45e2-bac7-76e3a1a7f33f}">
        <Counter>1</Counter>
        <FeatureName>Convert to Initializer</FeatureName>
      </Item>
      <Item Id="{bfafedf6-23bd-4a84-b546-98232e80af50}">
        <Counter>1</Counter>
        <FeatureName>Timout -&gt; Timeout</FeatureName>
      </Item>
      <Item Id="{527bb237-4fe0-45ef-80dc-077b953c95ec}">
        <Counter>2</Counter>
        <FeatureName>Make Explicit</FeatureName>
      </Item>
    </FeatureDescriptors>
  </Options>
</Root>