﻿<?xml version="1.0" encoding="utf-8"?>
<Root Type="DevExpress.CodeRush.Foundation.Statistic.StatisticContainer">
  <Options Language="Neutral">
    <Items>
      <Item Id="{474c9a8d-62a3-4361-b931-c0b11cfa6114}">
        <FeatureName>Convert to Initializer</FeatureName>
        <Group>Refactorings</Group>
        <Counter>1</Counter>
      </Item>
      <Item Id="{9664b2d6-29ff-4c17-9a58-d95eccc21fd0}">
        <FeatureName>Make Explicit</FeatureName>
        <Group>Refactorings</Group>
        <Counter>2</Counter>
      </Item>
      <Item Id="{6b0985d2-b267-4574-ba92-45b78948984a}">
        <FeatureName>Sync Namespace with Folder Structure</FeatureName>
        <Group>Refactorings</Group>
        <Counter>1</Counter>
      </Item>
      <Item Id="{9c372a88-cc65-42cf-83c3-eb5c980b6e97}">
        <FeatureName>Expand Method</FeatureName>
        <Group>Refactorings</Group>
        <Counter>1</Counter>
      </Item>
      <Item Id="{6fa476c5-bed2-42e8-9cc3-23ca6e50f8e0}">
        <FeatureName>Smart Semicolon</FeatureName>
        <Group>Refactorings</Group>
        <Counter>1</Counter>
      </Item>
      <Item Id="{7872fc28-b157-4ded-84e8-254f134230e9}">
        <FeatureName>To</FeatureName>
        <Group>Templates</Group>
        <Counter>1</Counter>
      </Item>
    </Items>
  </Options>
</Root>